Week Number,Month,Year,Accident and Emergency,ICU,Pediatric,Maternity,General,Acute Care,Orthopedic,Executive and VVIP,Admission
1,1,2004,99,108,88,59,36,45,37,31,24
2,1,2004,100,98,89,67,47,49,37,25,23
3,1,2004,104,93,83,62,37,54,41,30,20
4,1,2004,104,100,93,65,47,46,39,31,20
5,2,2004,103,102,96,59,38,50,37,27,20
6,2,2004,98,94,92,57,38,52,37,29,21
7,2,2004,102,103,95,60,46,47,40,28,24
8,2,2004,99,93,84,67,36,53,38,34,20
9,3,2004,101,99,80,69,48,55,38,26,20
10,3,2004,97,82,76,67,52,45,41,29,20
11,3,2004,99,86,67,63,59,46,35,30,20
12,3,2004,104,84,65,68,53,49,35,29,19
13,4,2004,97,86,76,67,52,47,39,27,19
14,4,2004,105,81,72,66,60,48,44,30,16
15,4,2004,99,82,64,56,52,53,38,28,17
16,4,2004,97,83,78,58,60,55,38,29,18
17,5,2004,102,84,69,61,48,46,35,28,19
18,5,2004,101,84,72,64,55,46,37,28,17
19,5,2004,103,80,71,66,51,45,42,35,18
20,5,2004,100,77,76,69,51,47,36,26,16
21,6,2004,104,78,71,56,58,45,45,28,18
22,6,2004,101,82,66,61,57,53,45,26,16
23,6,2004,99,108,104,76,82,53,39,31,22
24,6,2004,95,102,102,84,84,45,42,29,21
25,7,2004,99,108,96,79,76,53,36,29,23
26,7,2004,100,92,103,73,74,49,39,28,23
27,7,2004,101,90,108,79,73,53,41,32,21
28,7,2004,98,90,97,77,79,46,36,27,20
29,8,2004,102,108,105,75,83,52,43,30,21
30,8,2004,103,98,105,72,79,54,35,33,23
31,8,2004,97,106,106,80,83,49,43,26,24
32,8,2004,98,96,110,71,73,46,43,25,20
33,9,2004,95,98,106,82,79,51,37,31,22
34,9,2004,103,99,102,82,74,49,43,28,22
35,9,2004,95,94,108,79,78,48,38,28,24
36,9,2004,104,103,108,76,81,52,40,34,21
37,10,2004,98,84,96,52,39,55,40,32,18
38,10,2004,102,84,85,44,48,45,43,31,18
39,10,2004,100,80,89,54,44,50,44,30,18
40,10,2004,103,83,94,44,43,49,42,28,16
41,11,2004,103,83,92,49,37,48,41,25,16
42,11,2004,102,74,92,49,39,50,36,25,16
43,11,2004,101,90,88,44,40,52,40,26,19
44,11,2004,100,72,93,53,44,54,44,31,16
45,12,2004,100,82,83,52,39,54,44,35,20
46,12,2004,97,77,93,48,39,46,43,29,20
47,12,2004,97,87,90,43,43,52,44,26,17
48,12,2004,97,104,89,60,36,50,44,28,23
49,13,2004,95,107,96,60,46,52,45,30,20
50,13,2004,98,102,88,66,48,48,35,34,20
51,13,2004,98,100,94,56,44,54,37,25,23
52,13,2004,96,96,96,69,38,50,35,29,22
1,1,2005,103,94,80,66,44,50,44,25,20
2,1,2005,99,104,90,67,46,54,39,33,24
3,1,2005,98,101,80,63,45,55,44,33,21
4,1,2005,105,106,87,68,41,46,45,31,22
5,2,2005,105,108,90,65,44,54,36,25,24
6,2,2005,103,106,89,62,37,45,43,30,22
7,2,2005,104,106,81,67,37,52,43,31,20
8,2,2005,98,90,81,58,41,54,35,33,23
9,3,2005,96,99,90,56,46,45,44,33,21
10,3,2005,105,77,66,65,50,55,42,26,18
11,3,2005,96,75,74,69,57,52,41,25,18
12,3,2005,96,82,75,58,58,55,40,28,17
13,4,2005,98,80,69,69,50,45,44,34,20
14,4,2005,95,76,72,58,60,49,43,32,16
15,4,2005,101,77,76,68,48,55,40,29,18
16,4,2005,100,72,74,67,58,53,45,29,16
17,5,2005,97,75,71,67,54,52,36,35,16
18,5,2005,101,82,76,65,59,47,45,34,19
19,5,2005,99,87,79,62,57,49,35,28,16
20,5,2005,104,76,79,66,56,51,42,33,16
21,6,2005,103,89,72,62,58,53,44,27,17
22,6,2005,96,86,73,56,56,46,41,35,20
23,6,2005,104,96,102,80,81,54,44,25,20
24,6,2005,99,91,106,84,83,54,43,33,20
25,7,2005,101,96,96,70,82,50,44,34,20
26,7,2005,103,104,112,84,82,52,40,32,22
27,7,2005,96,103,105,74,77,47,43,33,22
28,7,2005,99,105,101,82,84,51,42,32,24
29,8,2005,98,103,111,76,74,47,38,29,20
30,8,2005,95,102,106,70,73,53,37,34,22
31,8,2005,104,90,100,83,74,54,45,35,24
32,8,2005,101,92,97,82,77,51,39,33,24
33,9,2005,101,91,105,76,79,55,35,27,20
34,9,2005,103,101,103,74,83,49,44,32,24
35,9,2005,98,98,109,72,74,54,45,25,20
36,9,2005,103,98,97,81,82,48,41,32,21
37,10,2005,98,74,81,53,47,46,38,26,18
38,10,2005,98,81,95,43,41,54,38,26,20
39,10,2005,97,86,95,48,46,51,36,30,17
40,10,2005,100,85,85,54,40,47,43,27,18
41,11,2005,99,82,90,51,37,49,36,31,19
42,11,2005,102,76,89,44,37,49,37,31,20
43,11,2005,95,85,89,52,39,53,39,29,16
44,11,2005,102,77,94,52,47,46,35,32,17
45,12,2005,95,76,95,54,40,51,43,25,18
46,12,2005,103,82,84,52,41,49,36,26,18
47,12,2005,98,73,94,49,40,48,45,35,18
48,12,2005,95,104,80,63,48,53,37,28,23
49,13,2005,96,93,95,59,40,55,39,31,22
50,13,2005,105,108,89,64,36,54,36,26,22
51,13,2005,105,100,91,65,39,52,36,29,21
52,13,2005,102,96,95,70,42,55,40,28,24
1,1,2006,100,98,85,67,37,55,37,35,22
2,1,2006,104,103,88,63,42,48,38,28,20
3,1,2006,100,96,89,69,43,48,45,26,23
4,1,2006,103,108,91,66,38,45,36,28,20
5,2,2006,96,105,83,56,46,53,36,28,20
6,2,2006,101,98,89,66,45,53,42,35,20
7,2,2006,103,104,93,67,45,55,39,27,20
8,2,2006,101,98,96,56,38,53,40,31,21
9,3,2006,101,99,88,63,38,49,36,26,23
10,3,2006,100,89,75,58,48,52,38,32,18
11,3,2006,98,88,77,62,57,48,40,34,16
12,3,2006,95,84,64,70,48,49,35,32,18
13,4,2006,100,84,77,57,59,53,37,33,19
14,4,2006,104,77,64,62,51,52,44,30,19
15,4,2006,105,89,76,65,52,55,36,33,17
16,4,2006,95,75,68,70,49,47,39,26,19
17,5,2006,100,81,79,67,54,50,44,29,20
18,5,2006,97,76,70,58,57,47,41,27,17
19,5,2006,96,72,77,64,53,55,36,32,20
20,5,2006,105,85,68,69,49,54,39,32,19
21,6,2006,99,72,68,58,55,52,41,30,17
22,6,2006,95,72,75,67,48,47,45,32,18
23,6,2006,102,93,99,72,80,50,35,28,23
24,6,2006,96,108,98,71,84,46,40,29,24
25,7,2006,105,103,106,70,84,50,40,26,24
26,7,2006,98,105,96,75,76,54,38,32,23
27,7,2006,104,91,112,79,80,53,44,33,24
28,7,2006,96,90,109,73,80,50,42,28,22
29,8,2006,100,93,97,76,81,46,41,31,24
30,8,2006,97,108,105,76,81,52,40,33,23
31,8,2006,95,97,112,76,77,55,36,25,21
32,8,2006,95,91,109,71,80,48,45,32,23
33,9,2006,102,105,112,76,78,46,45,26,22
34,9,2006,103,92,103,71,78,50,36,31,22
35,9,2006,96,94,100,72,74,48,38,34,21
36,9,2006,99,99,106,81,78,52,39,31,20
37,10,2006,105,88,90,51,37,51,42,34,20
38,10,2006,101,90,91,53,41,46,43,31,16
39,10,2006,102,74,94,50,44,46,45,35,17
40,10,2006,104,81,83,42,46,51,43,33,17
41,11,2006,98,84,86,51,47,47,35,31,20
42,11,2006,100,73,94,47,41,55,36,28,16
43,11,2006,95,82,80,49,46,46,35,35,19
44,11,2006,104,77,89,52,38,55,43,25,17
45,12,2006,101,90,89,49,45,50,36,33,17
46,12,2006,98,79,84,51,36,54,35,32,17
47,12,2006,102,88,83,55,42,52,35,28,18
48,12,2006,96,108,80,58,46,50,37,27,21
49,13,2006,105,98,86,64,39,49,43,35,21
50,13,2006,98,98,89,68,42,53,43,28,23
51,13,2006,99,91,83,70,36,51,44,25,23
52,13,2006,102,103,80,64,40,51,37,35,23
1,1,2007,105,96,86,59,38,48,42,29,24
2,1,2007,95,94,87,65,40,49,36,35,21
3,1,2007,95,91,86,61,39,54,39,30,20
4,1,2007,101,99,84,66,36,49,41,33,20
5,2,2007,102,105,90,56,37,52,40,25,20
6,2,2007,104,91,96,66,44,48,43,30,24
7,2,2007,99,108,93,61,43,50,44,27,20
8,2,2007,98,99,90,59,48,49,41,27,24
9,3,2007,100,98,81,63,44,55,35,35,20
10,3,2007,98,75,72,68,56,48,41,26,16
11,3,2007,99,85,76,63,59,47,38,28,18
12,3,2007,102,78,64,64,50,51,45,34,18
13,4,2007,101,84,72,63,57,55,43,26,17
14,4,2007,96,72,71,63,58,49,35,31,18
15,4,2007,104,81,77,68,52,50,42,28,16
16,4,2007,102,72,65,63,55,48,41,32,18
17,5,2007,96,87,65,66,53,47,44,27,19
18,5,2007,103,76,68,61,57,55,43,32,16
19,5,2007,99,75,77,57,52,53,44,35,16
20,5,2007,96,82,76,70,57,52,44,28,17
21,6,2007,95,78,73,67,51,49,40,26,19
22,6,2007,102,76,72,59,59,55,37,27,16
23,6,2007,104,92,111,71,83,55,35,30,23
24,6,2007,95,90,101,82,75,54,39,32,21
25,7,2007,101,101,110,75,80,54,45,30,24
26,7,2007,103,99,107,71,77,53,35,29,21
27,7,2007,104,101,107,79,84,52,38,26,24
28,7,2007,95,105,111,76,81,52,36,25,21
29,8,2007,101,97,112,76,74,50,44,35,20
30,8,2007,95,97,100,72,84,48,43,35,24
31,8,2007,97,107,100,83,83,55,45,33,23
32,8,2007,98,96,102,83,73,49,41,32,21
33,9,2007,105,108,109,83,74,47,40,30,22
34,9,2007,102,102,111,73,82,55,41,30,22
35,9,2007,97,104,109,82,84,45,43,32,24
36,9,2007,101,94,97,74,78,49,45,33,24
37,10,2007,98,81,96,56,38,52,44,30,19
38,10,2007,104,75,88,46,45,50,43,33,17
39,10,2007,102,75,92,45,41,55,43,32,16
40,10,2007,100,80,82,49,46,46,45,28,17
41,11,2007,101,84,85,45,42,49,36,34,20
42,11,2007,102,79,80,55,47,46,43,31,18
43,11,2007,103,79,96,56,39,51,38,28,19
44,11,2007,99,88,85,44,48,48,38,26,20
45,12,2007,105,84,95,51,36,53,37,25,19
46,12,2007,97,78,86,53,46,55,39,26,17
47,12,2007,103,82,82,48,44,47,40,30,20
48,12,2007,97,101,82,59,40,49,40,33,21
49,13,2007,98,104,93,65,38,53,41,27,21
50,13,2007,104,106,85,56,41,51,38,31,20
51,13,2007,103,102,80,57,46,52,43,26,23
52,13,2007,104,105,94,65,45,54,37,26,22
1,1,2008,96,106,87,68,47,47,38,30,24
2,1,2008,96,96,94,63,42,49,43,33,23
3,1,2008,105,91,82,62,41,51,35,32,24
4,1,2008,101,100,94,65,36,48,42,27,23
5,2,2008,96,98,83,67,36,55,40,34,23
6,2,2008,97,101,83,69,37,45,36,33,23
7,2,2008,104,93,81,67,39,49,43,33,21
8,2,2008,100,90,88,70,40,51,43,28,24
9,3,2008,103,99,93,63,48,45,43,29,21
10,3,2008,98,80,75,59,58,50,37,34,16
11,3,2008,102,85,67,60,58,47,39,32,18
12,3,2008,98,75,76,60,52,54,36,27,20
13,4,2008,101,76,72,62,59,51,44,32,18
14,4,2008,95,73,68,69,57,49,39,29,20
15,4,2008,96,85,65,57,51,53,41,25,19
16,4,2008,95,86,71,67,57,54,36,26,16
17,5,2008,95,75,75,58,49,52,38,33,16
18,5,2008,103,88,78,67,53,54,39,32,18
19,5,2008,103,76,72,63,60,52,44,29,19
20,5,2008,97,72,69,61,48,46,43,28,20
21,6,2008,100,81,77,69,48,47,45,32,16
22,6,2008,104,82,79,59,60,55,45,30,20
23,6,2008,101,100,101,76,82,50,45,28,21
24,6,2008,98,98,106,75,73,52,39,25,24
25,7,2008,105,90,109,84,83,55,35,26,22
26,7,2008,99,95,105,82,84,45,43,27,24
27,7,2008,104,108,111,74,72,53,41,27,20
28,7,2008,95,92,107,80,78,53,45,28,22
29,8,2008,95,98,99,71,82,51,36,29,22
30,8,2008,95,102,107,83,75,52,35,35,21
31,8,2008,102,96,111,72,81,48,38,34,22
32,8,2008,99,98,97,84,72,46,45,35,22
33,9,2008,105,102,102,72,75,54,35,27,22
34,9,2008,105,104,103,84,75,50,42,33,23
35,9,2008,96,99,100,76,76,54,41,29,24
36,9,2008,95,90,111,74,77,51,41,34,20
37,10,2008,96,80,93,44,47,53,43,26,20
38,10,2008,105,84,92,53,48,51,42,25,18
39,10,2008,101,81,84,46,46,51,42,31,18
40,10,2008,105,77,89,42,39,55,37,28,17
41,11,2008,100,79,96,52,48,47,42,30,16
42,11,2008,102,87,92,53,40,53,41,34,20
43,11,2008,98,75,85,53,36,52,44,34,17
44,11,2008,100,78,87,48,37,47,45,27,16
45,12,2008,95,86,84,49,47,45,45,25,16
46,12,2008,104,72,92,45,47,48,43,33,17
47,12,2008,95,81,83,42,45,54,45,30,18
48,12,2008,101,100,93,56,47,51,37,33,24
49,13,2008,99,103,80,58,43,55,44,30,24
50,13,2008,95,94,80,58,45,47,38,34,22
51,13,2008,99,95,89,70,41,47,39,35,20
52,13,2008,102,98,89,66,41,45,40,30,24
1,1,2009,95,99,85,60,37,49,40,25,21
2,1,2009,99,107,96,67,47,52,39,25,23
3,1,2009,100,95,86,66,45,49,45,32,21
4,1,2009,96,93,82,68,36,45,42,33,23
5,2,2009,102,96,87,65,41,53,39,28,21
6,2,2009,101,98,81,61,37,51,41,29,22
7,2,2009,99,103,84,62,44,52,36,33,21
8,2,2009,98,103,81,59,40,49,38,29,20
9,3,2009,105,93,89,58,36,53,39,30,22
10,3,2009,101,77,66,56,56,50,38,28,17
11,3,2009,104,85,78,70,52,49,35,26,17
12,3,2009,97,90,64,69,50,51,35,26,20
13,4,2009,96,84,65,68,57,47,40,32,16
14,4,2009,103,89,66,67,49,52,39,26,19
15,4,2009,101,87,72,58,48,48,41,27,16
16,4,2009,96,81,69,63,56,49,40,29,16
17,5,2009,96,73,80,59,48,55,45,31,17
18,5,2009,101,75,68,67,58,47,36,27,17
19,5,2009,96,86,64,66,48,49,37,26,19
20,5,2009,102,77,72,65,48,48,36,34,20
21,6,2009,96,87,69,64,54,50,38,33,16
22,6,2009,101,75,76,66,54,45,40,32,19
23,6,2009,105,99,107,74,75,50,36,33,24
24,6,2009,105,98,96,75,75,50,37,34,23
25,7,2009,104,101,104,82,84,50,35,30,21
26,7,2009,105,94,109,77,80,54,37,27,20
27,7,2009,105,99,111,79,81,54,43,30,21
28,7,2009,99,106,101,78,77,48,45,28,24
29,8,2009,97,105,97,74,72,46,37,34,24
30,8,2009,99,100,112,78,82,46,43,29,23
31,8,2009,98,100,96,82,78,50,35,33,22
32,8,2009,105,105,110,81,83,51,45,33,20
33,9,2009,104,102,103,82,72,52,38,33,20
34,9,2009,101,90,97,79,73,49,38,33,20
35,9,2009,103,100,105,81,84,47,43,26,23
36,9,2009,101,95,98,83,82,48,41,33,24
37,10,2009,95,83,92,52,43,50,36,33,16
38,10,2009,97,73,80,53,39,53,36,35,18
39,10,2009,99,88,87,55,40,49,42,30,20
40,10,2009,101,77,93,54,44,54,45,25,16
41,11,2009,99,90,82,45,45,47,42,30,16
42,11,2009,102,77,86,46,40,47,36,25,19
43,11,2009,100,84,89,54,39,53,35,25,19
44,11,2009,105,89,93,42,44,45,39,32,18
45,12,2009,99,76,85,45,37,52,42,34,19
46,12,2009,98,83,80,46,40,54,41,25,17
47,12,2009,97,86,86,51,43,55,41,32,19
48,12,2009,99,99,80,64,36,47,35,31,24
49,13,2009,97,91,82,66,38,49,45,33,21
50,13,2009,95,107,95,62,44,47,36,27,22
51,13,2009,101,102,84,62,37,50,37,28,24
52,13,2009,97,101,92,61,44,52,40,27,22
1,1,2010,103,102,83,66,46,55,45,25,23
2,1,2010,97,92,87,60,40,51,40,25,21
3,1,2010,99,105,86,68,41,46,37,28,22
4,1,2010,105,92,94,59,46,47,35,26,21
5,2,2010,98,102,81,70,46,48,36,28,24
6,2,2010,100,99,86,70,45,54,44,35,24
7,2,2010,95,98,93,62,45,48,36,25,22
8,2,2010,101,104,86,61,42,46,44,32,23
9,3,2010,95,100,84,58,39,50,38,35,22
10,3,2010,99,74,78,60,59,54,45,25,16
11,3,2010,102,87,76,62,54,49,40,27,19
12,3,2010,98,76,76,56,52,50,45,35,17
13,4,2010,98,86,68,68,49,51,44,32,18
14,4,2010,101,88,76,59,53,46,36,32,19
15,4,2010,95,80,69,56,48,50,36,35,18
16,4,2010,105,86,73,56,58,49,38,33,16
17,5,2010,97,80,70,56,57,53,37,31,16
18,5,2010,96,74,72,68,55,52,39,34,16
19,5,2010,97,82,68,59,48,54,45,25,19
20,5,2010,105,84,64,69,57,49,44,32,17
21,6,2010,105,85,72,65,58,52,41,27,19
22,6,2010,101,83,76,66,51,51,39,34,20
23,6,2010,104,105,112,71,73,49,41,26,22
24,6,2010,97,106,111,70,81,47,41,28,22
25,7,2010,100,98,111,84,81,49,43,26,23
26,7,2010,103,98,102,83,72,54,40,26,24
27,7,2010,95,107,105,70,77,48,43,27,20
28,7,2010,97,107,104,82,79,49,38,28,22
29,8,2010,105,93,109,76,72,45,41,27,22
30,8,2010,98,98,107,71,81,50,44,28,23
31,8,2010,104,94,108,72,80,45,35,27,23
32,8,2010,101,102,100,81,72,52,41,35,23
33,9,2010,98,90,111,70,79,54,45,35,23
34,9,2010,104,99,107,81,77,55,38,33,20
35,9,2010,104,92,105,73,84,55,36,34,24
36,9,2010,105,99,101,79,84,51,44,33,22
37,10,2010,97,86,81,49,42,53,36,29,17
38,10,2010,101,78,81,48,36,54,45,27,20
39,10,2010,100,72,90,44,39,49,39,30,20
40,10,2010,96,85,80,46,36,45,35,27,18
41,11,2010,95,75,84,53,36,54,37,26,20
42,11,2010,97,88,84,42,44,48,36,25,16
43,11,2010,95,77,96,46,39,47,41,34,19
44,11,2010,105,80,82,44,44,53,39,27,20
45,12,2010,102,80,84,48,44,52,36,29,20
46,12,2010,97,74,84,55,42,54,44,26,18
47,12,2010,104,83,82,55,39,52,37,32,17
48,12,2010,98,90,87,66,36,54,40,31,23
49,13,2010,98,102,95,70,44,54,35,30,24
50,13,2010,105,96,81,64,45,55,39,26,23
51,13,2010,98,91,88,63,46,53,38,29,24
52,13,2010,95,108,89,70,37,45,35,33,21
1,1,2011,98,105,91,69,40,54,38,26,21
2,1,2011,97,108,96,69,42,48,39,34,20
3,1,2011,97,95,93,58,45,50,45,26,22
4,1,2011,104,102,93,57,44,48,37,28,21
5,2,2011,95,106,95,70,43,50,43,26,23
6,2,2011,96,91,86,57,39,53,43,25,23
7,2,2011,102,99,85,65,42,52,37,35,23
8,2,2011,101,90,87,64,42,53,35,29,20
9,3,2011,102,96,96,60,37,52,36,29,21
10,3,2011,98,72,66,67,56,45,43,35,18
11,3,2011,95,79,77,70,57,53,35,35,19
12,3,2011,98,81,76,63,53,49,38,28,17
13,4,2011,96,90,64,64,60,47,41,35,16
14,4,2011,104,86,78,59,60,47,40,32,18
15,4,2011,104,90,69,70,58,55,38,27,20
16,4,2011,101,87,75,56,54,53,38,30,20
17,5,2011,102,80,79,68,50,46,35,31,19
18,5,2011,103,89,80,64,51,50,40,31,20
19,5,2011,95,78,66,69,52,55,35,28,19
20,5,2011,98,84,78,59,52,54,36,28,19
21,6,2011,100,89,70,60,55,53,36,30,18
22,6,2011,102,82,75,58,58,51,45,30,19
23,6,2011,102,93,103,74,74,53,43,32,20
24,6,2011,95,95,111,73,74,48,35,33,20
25,7,2011,96,108,110,73,72,49,37,35,20
26,7,2011,95,96,112,72,82,52,40,29,22
27,7,2011,103,90,102,74,77,53,45,33,22
28,7,2011,102,107,104,76,79,49,36,30,23
29,8,2011,105,95,106,74,77,51,45,28,22
30,8,2011,104,107,108,84,73,46,45,27,23
31,8,2011,100,106,108,83,80,46,35,29,24
32,8,2011,105,91,109,80,75,48,45,30,23
33,9,2011,102,97,97,70,75,45,45,30,23
34,9,2011,97,105,100,74,74,48,43,28,22
35,9,2011,102,93,107,70,79,48,41,25,24
36,9,2011,96,105,100,79,82,49,38,35,22
37,10,2011,100,85,95,47,39,52,37,28,17
38,10,2011,98,84,88,54,36,53,40,29,17
39,10,2011,95,90,87,53,39,46,35,29,18
40,10,2011,98,86,94,55,42,49,40,27,19
41,11,2011,99,74,84,53,44,48,36,32,16
42,11,2011,97,89,87,47,37,54,38,35,18
43,11,2011,105,81,94,56,47,49,35,32,19
44,11,2011,96,76,94,49,46,54,44,25,16
45,12,2011,100,76,83,54,40,55,42,33,18
46,12,2011,105,76,88,56,36,47,41,31,18
47,12,2011,96,83,88,42,46,45,43,34,19
48,12,2011,99,107,93,59,48,53,38,31,23
49,13,2011,105,91,96,61,40,52,44,26,21
50,13,2011,100,90,90,63,36,54,40,35,23
51,13,2011,96,91,89,63,45,52,44,31,20
52,13,2011,100,99,90,69,38,54,43,27,24
1,1,2012,100,97,91,63,48,45,45,25,22
2,1,2012,104,95,89,62,38,52,44,32,20
3,1,2012,102,106,86,69,41,53,36,32,21
4,1,2012,102,104,81,61,39,55,45,28,22
5,2,2012,104,91,87,66,39,55,42,29,21
6,2,2012,102,95,90,66,47,50,35,35,21
7,2,2012,102,104,94,70,39,51,45,29,20
8,2,2012,105,100,95,60,46,46,41,27,20
9,3,2012,96,90,90,64,36,50,39,28,21
10,3,2012,105,84,65,59,59,54,39,33,19
11,3,2012,102,86,77,70,51,48,39,26,19
12,3,2012,103,75,65,63,51,52,43,31,16
13,4,2012,96,87,80,61,52,45,36,28,20
14,4,2012,100,83,69,64,57,53,42,30,20
15,4,2012,102,82,76,70,58,55,40,32,20
16,4,2012,99,75,69,56,55,53,36,27,19
17,5,2012,102,80,68,66,56,45,35,30,17
18,5,2012,105,88,77,66,55,53,39,34,16
19,5,2012,102,76,69,61,49,53,41,34,18
20,5,2012,98,86,64,58,52,51,40,25,19
21,6,2012,98,76,67,61,55,52,35,26,17
22,6,2012,100,73,67,66,48,51,40,35,17
23,6,2012,97,106,111,83,72,46,39,28,24
24,6,2012,96,92,110,76,73,45,44,27,21
25,7,2012,97,108,96,76,73,53,38,35,23
26,7,2012,97,94,99,79,76,49,45,35,23
27,7,2012,95,95,97,73,84,51,43,32,20
28,7,2012,104,102,96,73,80,47,42,34,22
29,8,2012,105,96,103,72,79,52,39,25,24
30,8,2012,100,95,111,81,81,53,43,31,21
31,8,2012,95,97,104,79,84,53,39,26,23
32,8,2012,102,108,110,81,80,52,37,34,21
33,9,2012,98,103,103,80,80,55,39,32,20
34,9,2012,103,108,105,70,76,54,42,30,23
35,9,2012,100,91,102,82,76,48,40,25,21
36,9,2012,102,97,96,71,84,49,40,35,23
37,10,2012,96,80,93,55,42,55,45,29,20
38,10,2012,96,90,92,47,46,45,35,35,16
39,10,2012,100,79,93,47,42,55,43,26,17
40,10,2012,97,76,92,47,42,47,35,29,20
41,11,2012,97,85,81,46,48,54,39,35,16
42,11,2012,95,85,80,44,48,48,40,26,18
43,11,2012,103,78,95,55,42,45,44,30,16
44,11,2012,98,88,94,43,43,47,41,29,17
45,12,2012,101,76,89,46,41,49,38,30,20
46,12,2012,103,89,89,52,41,52,38,35,20
47,12,2012,97,87,86,53,45,49,36,30,19
48,12,2012,95,102,83,70,37,52,41,26,23
49,13,2012,97,93,94,64,37,52,37,33,21
50,13,2012,96,100,80,70,41,52,36,32,24
51,13,2012,98,102,81,65,39,45,38,25,22
52,13,2012,96,97,87,62,37,47,45,25,23
1,1,2013,97,107,90,62,41,45,36,34,20
2,1,2013,105,101,93,66,47,52,43,29,20
3,1,2013,102,101,87,65,47,55,45,33,21
4,1,2013,96,99,92,67,39,47,41,25,20
5,2,2013,101,90,81,66,40,49,35,26,24
6,2,2013,104,100,95,68,42,53,41,28,21
7,2,2013,101,103,96,62,46,52,38,26,23
8,2,2013,99,103,96,66,40,46,39,32,22
9,3,2013,101,99,86,56,36,52,43,27,23
10,3,2013,100,89,72,69,60,49,44,32,20
11,3,2013,95,88,69,62,58,54,45,26,16
12,3,2013,100,85,68,63,59,49,43,28,18
13,4,2013,100,90,76,64,54,45,45,29,19
14,4,2013,100,79,73,58,60,49,39,32,19
15,4,2013,103,88,65,62,52,50,43,29,16
16,4,2013,105,78,73,66,59,55,39,33,16
17,5,2013,96,73,65,64,52,47,45,28,19
18,5,2013,96,78,66,66,57,48,39,25,20
19,5,2013,96,83,73,58,51,47,39,25,17
20,5,2013,98,80,67,66,48,45,45,33,16
21,6,2013,104,87,73,63,51,48,39,26,17
22,6,2013,103,84,71,69,54,47,39,26,17
23,6,2013,102,99,97,78,74,54,44,34,22
24,6,2013,98,107,97,79,73,48,44,29,22
25,7,2013,104,96,100,74,82,51,35,25,22
26,7,2013,104,105,111,81,82,49,40,29,24
27,7,2013,104,104,104,78,74,51,41,33,21
28,7,2013,102,95,112,79,76,54,43,30,24
29,8,2013,101,96,103,79,72,47,45,35,22
30,8,2013,101,93,112,75,74,53,39,26,22
31,8,2013,98,101,109,71,83,49,38,28,24
32,8,2013,101,107,111,81,83,54,38,35,23
33,9,2013,101,105,104,73,78,54,39,31,21
34,9,2013,99,92,109,76,84,55,44,35,22
35,9,2013,102,98,110,83,81,48,41,32,23
36,9,2013,102,94,100,75,79,47,35,33,24
37,10,2013,105,88,84,56,47,47,41,25,19
38,10,2013,104,89,94,47,41,49,42,32,18
39,10,2013,97,74,89,44,42,51,45,29,18
40,10,2013,98,77,80,46,45,48,44,32,16
41,11,2013,100,90,88,55,42,55,43,29,18
42,11,2013,103,85,95,42,48,50,42,32,16
43,11,2013,95,73,81,56,46,46,42,31,16
44,11,2013,95,73,81,46,42,46,40,33,19
45,12,2013,97,86,88,47,38,49,36,31,18
46,12,2013,101,83,83,46,46,55,41,35,18
47,12,2013,99,75,91,42,42,53,41,31,19
48,12,2013,99,102,81,56,36,55,35,30,23
49,13,2013,104,103,81,64,43,48,37,25,23
50,13,2013,102,92,86,56,41,50,36,34,22
51,13,2013,102,108,92,56,46,49,39,26,22
52,13,2013,104,95,93,65,48,55,37,29,21
1,1,2014,99,108,95,69,48,53,41,30,21
2,1,2014,96,101,81,70,36,51,38,27,24
3,1,2014,102,102,88,66,38,51,38,30,23
4,1,2014,100,97,96,59,38,49,40,30,20
5,2,2014,103,91,91,70,41,55,35,28,21
6,2,2014,95,102,96,65,38,53,45,28,24
7,2,2014,103,100,83,56,38,48,44,28,22
8,2,2014,100,107,92,68,41,46,37,27,22
9,3,2014,102,96,95,56,41,45,43,34,22
10,3,2014,96,72,78,57,53,50,37,28,18
11,3,2014,105,81,77,67,48,48,45,28,18
12,3,2014,102,89,80,59,60,50,38,25,18
13,4,2014,96,76,69,61,60,51,39,32,16
14,4,2014,98,90,77,57,52,47,36,30,19
15,4,2014,104,83,64,66,50,47,45,26,18
16,4,2014,99,81,76,59,59,52,45,25,19
17,5,2014,96,74,70,69,49,51,36,33,18
18,5,2014,99,72,65,63,50,53,35,30,16
19,5,2014,95,87,80,56,53,48,43,28,19
20,5,2014,104,86,76,67,49,46,45,26,16
21,6,2014,95,84,73,63,58,52,42,25,17
22,6,2014,96,87,80,70,56,52,41,25,16
23,6,2014,101,98,112,73,83,54,41,26,21
24,6,2014,96,100,98,76,73,54,36,27,20
25,7,2014,102,94,102,82,73,45,43,29,20
26,7,2014,105,92,112,81,73,48,40,32,24
27,7,2014,101,103,96,84,74,51,43,34,20
28,7,2014,104,104,104,82,77,51,38,28,20
29,8,2014,101,104,108,77,82,47,44,26,21
30,8,2014,100,98,112,80,84,54,38,28,23
31,8,2014,97,97,109,81,72,45,37,25,24
32,8,2014,95,97,97,80,80,45,41,29,22
33,9,2014,102,96,106,77,74,48,40,27,21
34,9,2014,105,92,104,74,81,46,38,32,22
35,9,2014,95,104,109,75,76,45,44,33,23
36,9,2014,97,103,109,78,72,49,43,34,23
37,10,2014,102,83,92,50,40,45,41,30,18
38,10,2014,99,89,86,53,42,54,39,27,18
39,10,2014,95,85,87,42,42,54,37,25,19
40,10,2014,97,82,87,44,41,50,37,35,17
41,11,2014,95,76,82,45,40,54,40,30,18
42,11,2014,100,79,89,42,39,51,39,26,19
43,11,2014,103,73,87,47,45,46,40,25,18
44,11,2014,104,78,88,48,37,55,45,33,16
45,12,2014,101,76,89,50,44,47,41,35,17
46,12,2014,96,81,82,48,36,55,39,33,20
47,12,2014,103,76,83,44,39,54,40,27,16
48,12,2014,102,105,93,62,48,52,36,31,21
49,13,2014,95,97,82,66,37,51,37,25,20
50,13,2014,100,104,89,66,37,53,40,30,23
51,13,2014,100,92,84,60,42,46,45,27,20
52,13,2014,100,99,85,65,41,53,45,33,20
1,1,2015,101,103,92,64,38,51,35,34,20
2,1,2015,105,97,87,58,39,46,38,31,23
3,1,2015,98,92,90,60,47,51,41,32,21
4,1,2015,97,100,84,58,47,55,40,26,20
5,2,2015,103,92,88,67,38,50,35,27,23
6,2,2015,99,92,94,70,44,45,36,31,20
7,2,2015,103,104,94,67,41,46,41,33,24
8,2,2015,105,100,85,56,48,51,41,30,24
9,3,2015,105,105,90,63,43,48,40,31,23
10,3,2015,105,83,71,70,49,49,38,27,19
11,3,2015,95,86,76,64,58,50,35,27,18
12,3,2015,100,90,72,69,51,47,44,27,16
13,4,2015,103,79,68,63,60,45,35,27,17
14,4,2015,101,77,68,64,53,49,39,25,20
15,4,2015,99,89,79,65,56,50,38,32,17
16,4,2015,101,88,77,67,51,51,42,35,17
17,5,2015,102,81,65,58,60,46,36,28,16
18,5,2015,104,86,70,60,55,52,39,27,16
19,5,2015,104,74,78,65,55,47,37,35,18
20,5,2015,102,74,68,61,58,51,44,29,16
21,6,2015,102,81,71,63,52,50,36,32,17
22,6,2015,99,74,65,56,60,50,44,26,16
23,6,2015,103,91,101,72,80,49,44,27,24
24,6,2015,96,105,101,73,79,45,36,30,20
25,7,2015,103,101,102,83,74,54,35,31,23
26,7,2015,101,96,100,78,74,49,43,32,23
27,7,2015,98,101,110,73,78,47,39,28,22
28,7,2015,103,106,100,79,72,53,45,25,21
29,8,2015,98,93,101,83,79,52,42,29,21
30,8,2015,103,91,109,74,80,45,43,33,20
31,8,2015,97,100,97,70,76,48,37,32,24
32,8,2015,99,90,107,79,81,45,44,30,22
33,9,2015,95,95,104,83,77,53,36,26,20
34,9,2015,96,95,103,70,82,45,37,32,22
35,9,2015,101,96,103,75,73,54,37,32,21
36,9,2015,97,105,111,74,82,54,42,29,24
37,10,2015,105,84,85,53,39,55,40,33,18
38,10,2015,95,72,86,49,37,48,37,31,16
39,10,2015,101,84,91,47,47,45,40,35,17
40,10,2015,98,76,92,55,42,49,42,30,20
41,11,2015,98,87,88,44,39,55,40,27,18
42,11,2015,98,82,88,46,36,46,39,34,20
43,11,2015,101,77,95,44,47,48,35,25,18
44,11,2015,104,86,94,44,40,52,40,34,19
45,12,2015,101,83,85,53,44,48,35,31,17
46,12,2015,99,82,82,42,47,52,41,28,19
47,12,2015,104,72,80,42,36,48,42,31,19
48,12,2015,105,103,94,65,45,46,41,31,21
49,13,2015,99,104,95,60,42,53,45,29,22
50,13,2015,98,98,96,67,47,52,45,28,21
51,13,2015,96,107,92,57,47,45,38,34,21
52,13,2015,103,103,92,62,41,47,39,29,22
1,1,2016,95,108,86,60,40,51,37,34,21
2,1,2016,101,98,85,56,47,45,36,29,24
3,1,2016,101,97,82,66,38,50,39,30,22
4,1,2016,96,105,86,65,40,51,39,34,21
5,2,2016,104,91,87,57,45,45,37,32,24
6,2,2016,102,92,81,65,38,46,42,32,20
7,2,2016,102,96,80,65,36,50,43,29,24
8,2,2016,98,106,86,60,46,50,40,35,21
9,3,2016,99,103,87,69,36,46,43,27,21
10,3,2016,95,85,73,68,57,52,40,32,17
11,3,2016,102,79,64,65,50,55,40,33,19
12,3,2016,99,87,71,68,50,55,36,28,20
13,4,2016,102,90,64,69,52,53,40,34,19
14,4,2016,101,72,73,61,49,48,35,25,17
15,4,2016,97,80,66,60,56,53,41,29,17
16,4,2016,97,90,73,67,53,55,38,30,20
17,5,2016,104,89,73,56,49,51,45,31,17
18,5,2016,101,83,80,57,56,49,41,30,17
19,5,2016,103,75,75,62,51,50,44,29,19
20,5,2016,100,81,67,68,51,54,36,32,17
21,6,2016,102,83,77,66,56,53,36,32,17
22,6,2016,98,90,74,61,54,48,36,33,20
23,6,2016,101,91,112,74,83,48,43,32,24
24,6,2016,96,104,96,71,77,51,42,34,24
25,7,2016,99,105,101,70,73,55,45,34,21
26,7,2016,99,102,110,76,79,47,45,28,22
27,7,2016,104,93,100,73,74,52,44,31,24
28,7,2016,95,96,104,77,79,55,38,33,24
29,8,2016,104,94,98,71,84,50,44,27,22
30,8,2016,103,104,112,73,82,52,36,28,23
31,8,2016,102,108,110,82,81,54,38,33,24
32,8,2016,95,105,96,80,72,45,44,25,23
33,9,2016,101,107,109,83,82,52,44,31,22
34,9,2016,102,93,106,75,84,52,39,32,20
35,9,2016,98,106,104,76,81,47,35,34,22
36,9,2016,104,96,100,76,77,50,42,28,23
37,10,2016,102,85,94,43,46,52,38,26,18
38,10,2016,97,73,87,55,37,50,40,25,17
39,10,2016,100,74,96,46,48,52,43,26,18
40,10,2016,96,75,88,43,38,50,39,33,16
41,11,2016,105,78,89,48,43,55,41,26,19
42,11,2016,98,74,80,54,40,46,42,34,18
43,11,2016,95,86,96,52,44,52,36,34,18
44,11,2016,99,88,86,45,38,46,37,30,18
45,12,2016,104,87,85,52,41,48,38,26,20
46,12,2016,96,83,86,45,45,50,45,35,17
47,12,2016,101,79,82,43,41,48,45,30,16
48,12,2016,101,96,85,65,44,49,41,34,20
49,13,2016,104,108,89,64,36,53,36,30,20
50,13,2016,95,99,80,58,41,49,37,29,24
51,13,2016,95,97,90,66,38,52,40,30,24
52,13,2016,97,90,94,62,37,47,37,31,22
1,1,2017,105,97,96,65,44,52,37,34,24
2,1,2017,102,90,85,62,41,48,44,28,22
3,1,2017,105,92,91,60,39,47,39,34,20
4,1,2017,105,95,82,67,48,46,35,35,23
5,2,2017,96,98,91,65,44,51,38,33,20
6,2,2017,100,95,80,56,39,47,38,31,22
7,2,2017,97,103,84,62,40,49,40,28,22
8,2,2017,96,95,96,67,46,52,36,31,20
9,3,2017,103,107,85,67,46,46,43,33,22
10,3,2017,97,78,78,67,59,47,42,35,16
11,3,2017,103,80,79,62,50,54,36,35,16
12,3,2017,105,78,76,70,59,46,37,34,20
13,4,2017,96,87,69,68,58,54,35,35,19
14,4,2017,97,77,79,60,52,50,37,33,17
15,4,2017,104,87,65,70,48,51,40,30,16
16,4,2017,102,87,64,60,53,55,42,35,17
17,5,2017,100,79,77,68,51,46,40,32,18
18,5,2017,97,77,69,59,59,45,43,35,19
19,5,2017,105,76,71,67,49,53,45,28,17
20,5,2017,101,80,70,65,49,53,40,35,17
21,6,2017,100,90,72,62,52,53,38,28,17
22,6,2017,102,76,71,62,58,50,39,32,20
23,6,2017,97,91,110,77,78,52,43,26,23
24,6,2017,101,99,106,79,76,45,39,31,22
25,7,2017,102,102,106,83,83,50,45,35,20
26,7,2017,101,108,101,77,75,55,35,25,23
27,7,2017,99,98,107,75,78,47,36,29,20
28,7,2017,97,104,101,82,74,54,39,27,23
29,8,2017,101,108,103,75,84,52,36,35,24
30,8,2017,99,92,112,79,82,51,42,34,20
31,8,2017,105,96,103,81,74,47,43,27,24
32,8,2017,100,100,100,71,74,49,40,25,23
33,9,2017,105,93,109,73,79,49,36,33,24
34,9,2017,98,92,109,80,73,53,45,32,24
35,9,2017,101,105,98,72,83,48,39,28,21
36,9,2017,101,103,100,78,83,53,42,25,22
37,10,2017,103,75,89,42,36,54,35,35,20
38,10,2017,100,82,89,44,36,52,44,28,16
39,10,2017,98,85,90,44,38,53,38,29,16
40,10,2017,101,84,88,44,43,47,35,27,17
41,11,2017,98,85,92,56,37,45,45,32,20
42,11,2017,103,84,93,47,36,50,39,27,17
43,11,2017,98,84,87,45,42,52,35,35,18
44,11,2017,95,80,84,44,36,50,44,33,17
45,12,2017,105,84,90,52,48,54,36,30,19
46,12,2017,100,73,82,52,45,46,39,31,18
47,12,2017,103,88,88,42,42,51,41,28,17
48,12,2017,97,105,87,59,43,55,45,28,20
49,13,2017,99,104,90,65,36,51,40,31,20
50,13,2017,99,108,88,60,36,47,43,31,21
51,13,2017,103,101,93,56,39,55,36,27,21
52,13,2017,98,106,88,63,44,49,44,31,24
1,1,2018,96,92,81,68,39,50,45,28,24
2,1,2018,100,98,86,60,48,46,43,28,24
3,1,2018,100,90,92,63,38,55,41,31,23
4,1,2018,105,106,96,64,43,48,41,25,22
5,2,2018,97,99,82,60,43,53,39,32,24
6,2,2018,101,93,88,56,43,49,45,27,22
7,2,2018,96,108,89,62,38,55,38,28,20
8,2,2018,103,99,93,59,39,45,43,26,23
9,3,2018,98,97,90,69,39,55,35,30,23
10,3,2018,104,86,71,58,48,49,35,26,18
11,3,2018,98,89,70,61,53,55,35,31,18
12,3,2018,103,75,69,57,53,55,38,31,19
13,4,2018,97,72,71,68,50,47,35,32,19
14,4,2018,95,72,69,66,53,53,38,33,16
15,4,2018,99,85,76,69,56,48,42,25,18
16,4,2018,104,87,79,64,48,55,41,28,18
17,5,2018,105,85,77,61,57,50,36,31,19
18,5,2018,105,87,80,61,60,53,39,32,16
19,5,2018,99,81,77,62,52,46,37,28,17
20,5,2018,101,80,69,60,49,45,41,26,16
21,6,2018,105,87,73,64,57,48,45,25,16
22,6,2018,103,78,64,61,56,47,40,26,16
23,6,2018,105,97,103,81,73,45,41,30,22
24,6,2018,96,95,102,83,83,49,40,35,24
25,7,2018,100,98,100,82,80,45,45,35,20
26,7,2018,97,105,96,71,78,54,39,33,20
27,7,2018,104,106,106,74,78,53,45,35,23
28,7,2018,101,96,112,72,73,48,38,31,21
29,8,2018,103,96,111,72,82,46,36,29,20
30,8,2018,101,98,96,72,75,53,44,28,24
31,8,2018,96,107,100,73,77,45,39,31,23
32,8,2018,96,102,112,79,75,51,40,25,21
33,9,2018,103,98,109,83,84,52,44,30,24
34,9,2018,105,102,100,70,77,50,36,26,20
35,9,2018,104,100,101,72,80,51,41,33,21
36,9,2018,105,90,97,73,78,52,40,27,23
37,10,2018,100,74,86,51,43,46,43,34,20
38,10,2018,97,89,93,50,47,53,45,28,19
39,10,2018,104,81,80,54,47,46,43,26,18
40,10,2018,104,76,82,46,43,55,35,25,20
41,11,2018,103,83,80,44,42,53,43,32,20
42,11,2018,104,85,89,44,46,53,43,35,17
43,11,2018,102,86,95,46,37,50,41,29,17
44,11,2018,95,82,90,52,48,47,39,32,16
45,12,2018,99,78,92,48,36,53,37,30,18
46,12,2018,104,79,89,50,41,52,40,27,16
47,12,2018,103,76,87,44,41,53,36,27,20
48,12,2018,103,98,88,58,37,55,37,31,24
49,13,2018,100,106,82,68,39,46,36,26,22
50,13,2018,96,93,84,64,44,53,39,32,20
51,13,2018,100,97,86,64,44,51,39,28,21
52,13,2018,105,104,91,66,48,55,37,30,20
1,1,2019,105,98,89,64,38,52,42,25,20
2,1,2019,99,93,83,65,46,51,42,35,21
3,1,2019,102,105,83,61,44,48,35,28,24
4,1,2019,100,96,81,56,46,45,38,30,24
5,2,2019,99,101,95,63,46,46,43,27,22
6,2,2019,99,108,95,70,47,47,41,35,24
7,2,2019,97,96,92,67,48,47,42,32,24
8,2,2019,102,96,96,64,45,46,41,28,21
9,3,2019,104,101,93,68,41,49,42,35,23
10,3,2019,102,80,67,62,52,51,37,26,19
11,3,2019,100,82,79,59,55,54,35,35,17
12,3,2019,99,72,68,61,53,51,40,32,20
13,4,2019,103,90,73,58,50,52,35,31,16
14,4,2019,105,79,70,59,54,47,41,33,19
15,4,2019,96,90,73,60,58,52,37,25,19
16,4,2019,102,87,75,56,57,46,40,30,16
17,5,2019,97,76,71,60,56,49,42,31,20
18,5,2019,103,76,77,67,60,48,40,35,18
19,5,2019,101,72,76,56,49,50,41,30,19
20,5,2019,102,78,80,57,53,53,40,33,19
21,6,2019,96,78,76,63,59,49,38,32,19
22,6,2019,95,72,72,64,52,54,37,30,17
23,6,2019,104,97,107,82,72,48,41,34,23
24,6,2019,97,101,105,81,74,50,45,30,22
25,7,2019,101,108,98,72,81,48,38,33,21
26,7,2019,98,103,102,75,75,46,41,26,20
27,7,2019,100,100,105,79,79,55,39,32,20
28,7,2019,99,104,103,83,77,55,43,26,24
29,8,2019,95,108,102,80,75,54,36,34,22
30,8,2019,96,108,111,71,81,54,35,29,20
31,8,2019,104,97,106,84,74,53,39,32,23
32,8,2019,96,104,105,73,76,55,43,28,20
33,9,2019,100,105,100,70,79,52,35,25,20
34,9,2019,105,92,108,84,82,51,39,29,24
35,9,2019,98,92,99,70,74,54,40,25,21
36,9,2019,103,108,108,78,79,46,45,27,21
37,10,2019,97,89,80,46,46,47,43,29,17
38,10,2019,100,86,87,50,36,51,36,26,19
39,10,2019,98,75,83,48,38,46,38,25,19
40,10,2019,95,81,80,53,45,47,41,34,17
41,11,2019,95,84,87,43,42,47,35,30,16
42,11,2019,101,78,94,49,40,47,40,31,20
43,11,2019,101,89,84,49,44,49,40,25,16
44,11,2019,98,80,91,53,46,49,40,32,20
45,12,2019,104,73,90,43,45,48,40,35,16
46,12,2019,105,88,84,45,42,55,41,27,18
47,12,2019,104,84,96,46,47,45,42,29,16
48,12,2019,103,94,86,66,43,54,45,27,21
49,13,2019,103,96,96,64,46,46,42,30,23
50,13,2019,104,97,87,65,37,50,37,29,22
51,13,2019,100,95,86,66,42,46,38,26,20
52,13,2019,95,92,88,58,39,45,40,31,22
1,1,2020,104,170,33,35,74,55,44,31,27
2,1,2020,98,169,44,37,73,55,37,34,26
3,1,2020,95,167,48,29,75,49,44,28,27
4,1,2020,96,178,45,32,66,48,41,30,26
5,2,2020,98,163,41,32,78,49,44,29,30
6,2,2020,96,179,48,30,69,45,37,32,27
7,2,2020,104,164,44,37,70,48,36,34,28
8,2,2020,95,169,39,31,69,51,38,31,26
9,3,2020,97,167,46,28,72,53,43,33,27
10,3,2020,98,179,33,40,78,49,35,27,29
11,3,2020,99,180,40,37,67,52,38,35,29
12,3,2020,102,180,34,31,78,47,44,27,29
13,4,2020,100,173,41,38,78,46,39,34,30
14,4,2020,101,172,35,40,70,50,39,35,27
15,4,2020,95,168,41,30,69,45,44,34,27
16,4,2020,105,173,41,39,67,50,44,25,26
17,5,2020,98,174,43,42,71,51,43,26,26
18,5,2020,102,175,35,39,68,49,42,25,27
19,5,2020,96,177,47,35,69,49,38,29,27
20,5,2020,95,163,45,35,76,54,42,28,29
21,6,2020,103,179,43,28,68,48,41,32,26
22,6,2020,105,173,41,42,66,47,35,34,29
23,6,2020,103,173,46,38,69,54,36,33,27
24,6,2020,105,168,36,31,70,48,39,30,26
25,7,2020,100,162,36,34,70,53,40,26,26
26,7,2020,105,180,41,28,69,46,35,33,26
27,7,2020,96,176,38,40,74,49,42,26,27
28,7,2020,96,169,41,33,75,53,39,29,28
29,8,2020,100,173,35,42,77,45,37,26,27
30,8,2020,103,170,33,39,68,50,40,26,28
31,8,2020,103,171,37,34,71,49,38,30,30
32,8,2020,105,175,43,41,72,54,40,29,26
33,9,2020,101,165,41,37,72,46,39,31,27
34,9,2020,102,174,39,30,73,47,44,33,29
35,9,2020,104,172,45,34,76,53,43,28,30
36,9,2020,95,162,34,32,68,50,35,25,30
37,10,2020,102,174,35,36,67,47,39,27,26
38,10,2020,101,172,41,28,71,50,38,34,29
39,10,2020,97,180,37,33,74,54,36,26,29
40,10,2020,98,179,36,37,78,46,37,32,26
41,11,2020,99,174,40,31,68,52,36,25,27
42,11,2020,97,179,33,36,71,48,38,35,27
43,11,2020,98,164,42,31,71,50,43,27,26
44,11,2020,103,174,39,40,78,54,40,25,30
45,12,2020,100,173,34,36,71,52,41,29,26
46,12,2020,98,172,32,35,73,53,38,31,30
47,12,2020,101,165,44,30,78,45,39,33,26
48,12,2020,98,165,40,40,66,50,35,28,27
49,13,2020,97,171,46,29,75,49,40,32,30
50,13,2020,96,176,37,33,71,50,41,31,30
51,13,2020,95,176,46,38,76,50,45,28,28
52,13,2020,100,175,43,42,70,46,41,32,29
1,1,2021,96,104,96,61,40,52,40,31,23
2,1,2021,104,99,94,57,44,50,36,29,23
3,1,2021,95,103,88,59,37,51,36,30,20
4,1,2021,99,108,80,68,41,50,40,32,24
5,2,2021,96,108,95,66,38,46,39,35,20
6,2,2021,97,91,83,66,40,50,38,28,22
7,2,2021,102,95,86,60,38,46,38,27,24
8,2,2021,99,101,85,59,38,49,36,28,22
9,3,2021,95,103,96,68,46,45,45,27,24
10,3,2021,97,72,67,66,54,47,36,32,16
11,3,2021,102,80,67,64,57,55,45,25,17
12,3,2021,101,78,80,62,58,50,39,25,19
13,4,2021,102,82,74,64,48,52,41,31,18
14,4,2021,102,83,77,66,48,52,42,26,18
15,4,2021,96,78,74,60,58,50,41,26,20
16,4,2021,97,75,69,67,56,50,44,25,19
17,5,2021,101,85,74,58,51,45,41,27,18
18,5,2021,103,76,66,56,57,51,35,35,19
19,5,2021,98,85,67,67,60,53,39,31,18
20,5,2021,102,79,64,56,60,54,35,27,19
21,6,2021,95,78,71,57,59,50,42,29,17
22,6,2021,95,83,76,64,53,51,45,27,16
23,6,2021,104,103,107,75,72,54,44,33,24
24,6,2021,99,96,112,71,79,50,42,32,24
25,7,2021,102,92,102,73,81,48,42,28,22
26,7,2021,105,93,98,78,73,51,41,29,24
27,7,2021,104,97,107,75,79,49,35,27,20
28,7,2021,99,105,104,71,79,48,40,33,24
29,8,2021,97,96,111,76,77,50,35,35,24
30,8,2021,95,99,111,81,82,48,35,25,22
31,8,2021,105,92,110,75,80,54,35,33,23
32,8,2021,104,106,103,83,73,49,40,25,24
33,9,2021,98,93,96,82,73,47,45,25,21
34,9,2021,95,105,105,75,81,52,42,29,24
35,9,2021,102,90,103,75,83,51,41,34,21
36,9,2021,98,101,97,71,74,47,37,27,24
37,10,2021,100,84,89,42,39,53,38,25,20
38,10,2021,100,76,82,47,43,52,35,31,18
39,10,2021,102,87,81,44,40,50,45,34,18
40,10,2021,95,74,94,55,36,52,35,27,20
41,11,2021,98,73,84,56,48,52,38,26,16
42,11,2021,103,90,83,50,37,47,36,29,19
43,11,2021,98,74,89,51,48,48,36,29,20
44,11,2021,98,73,87,44,47,47,44,27,18
45,12,2021,100,76,86,46,40,53,41,35,16
46,12,2021,104,80,95,48,38,45,41,31,16
47,12,2021,101,87,93,53,44,53,42,33,19
48,12,2021,98,99,92,56,43,47,45,31,20
49,13,2021,96,96,85,66,48,55,36,31,22
50,13,2021,100,95,96,61,37,55,35,26,23
51,13,2021,105,91,89,64,40,45,44,25,21
52,13,2021,95,99,92,59,47,48,44,30,23
1,1,2022,96,97,81,57,40,50,36,27,23
2,1,2022,103,102,84,57,39,46,36,25,24
3,1,2022,103,90,81,63,37,46,44,31,24
4,1,2022,105,96,81,61,47,45,44,33,24
5,2,2022,97,105,81,58,37,54,37,30,22
6,2,2022,97,96,82,57,45,48,39,26,24
7,2,2022,95,98,94,68,47,51,37,31,21
8,2,2022,95,92,80,60,42,50,43,25,21
9,3,2022,95,107,80,68,47,55,36,32,22
10,3,2022,104,88,69,57,48,50,43,28,17
11,3,2022,97,89,67,65,53,54,38,27,20
12,3,2022,95,75,78,56,60,55,38,26,19
13,4,2022,101,79,67,56,55,45,36,30,19
14,4,2022,96,86,68,64,56,52,40,26,20
15,4,2022,102,81,80,66,59,51,45,25,20
16,4,2022,101,88,70,57,54,49,39,30,19
17,5,2022,95,75,72,67,58,46,38,35,20
18,5,2022,95,82,75,68,58,47,35,35,16
19,5,2022,97,81,65,61,58,46,43,32,18
20,5,2022,97,75,75,67,54,52,45,35,18
21,6,2022,100,73,79,68,53,46,45,25,17
22,6,2022,98,87,76,70,56,49,38,34,17
23,6,2022,105,94,108,81,80,55,36,32,23
24,6,2022,102,91,102,82,79,45,43,26,24
25,7,2022,95,102,96,75,77,51,42,27,21
26,7,2022,103,93,103,76,72,52,45,33,22
27,7,2022,97,108,111,84,76,52,40,31,21
28,7,2022,98,99,107,80,78,54,45,31,22
29,8,2022,99,91,100,80,74,50,35,31,24
30,8,2022,105,97,100,70,82,50,39,27,24
31,8,2022,97,95,110,72,80,45,43,34,23
32,8,2022,96,94,100,80,79,47,43,25,20
33,9,2022,104,95,108,77,78,48,43,28,23
34,9,2022,95,108,105,80,74,47,36,28,22
35,9,2022,103,103,110,76,74,54,41,35,22
36,9,2022,100,92,104,84,74,54,42,30,24
37,10,2022,96,85,90,54,47,50,41,28,19
38,10,2022,101,84,86,44,36,50,37,28,17
39,10,2022,104,80,93,55,46,45,40,27,16
40,10,2022,104,82,86,48,44,55,45,34,17
41,11,2022,96,72,96,45,48,53,45,33,18
42,11,2022,103,87,86,49,43,47,38,25,20
43,11,2022,95,77,86,44,48,46,36,29,20
44,11,2022,97,78,93,48,40,55,45,26,20
45,12,2022,104,87,86,51,47,47,41,29,20
46,12,2022,96,74,89,42,47,48,35,28,17
47,12,2022,98,79,81,46,47,50,41,29,16
48,12,2022,102,98,93,61,40,48,36,34,20
49,13,2022,103,102,82,60,38,53,45,35,23
50,13,2022,97,104,82,58,45,50,36,31,20
51,13,2022,96,101,85,58,41,54,35,25,24
52,13,2022,102,108,91,58,38,50,38,28,24
1,1,2023,99,105,88,67,42,55,39,29,21
2,1,2023,104,100,84,66,43,45,45,33,21
3,1,2023,99,91,96,57,38,54,36,25,22
4,1,2023,97,100,95,70,44,53,38,28,22
5,2,2023,96,99,90,58,44,50,45,30,21
6,2,2023,105,105,86,56,47,49,35,28,20
7,2,2023,104,105,89,65,36,52,37,34,21
8,2,2023,95,93,92,69,48,53,39,34,22
9,3,2023,96,95,83,63,41,50,41,25,21
10,3,2023,96,87,65,63,60,50,42,32,20
11,3,2023,98,80,66,67,48,47,41,34,17
12,3,2023,102,77,68,60,53,53,40,32,16
13,4,2023,105,75,75,67,53,50,36,25,18
14,4,2023,96,85,71,62,56,54,40,26,19
15,4,2023,97,73,75,61,48,50,38,27,20
16,4,2023,103,73,74,64,53,52,37,34,20
17,5,2023,98,89,68,57,56,50,40,25,19
18,5,2023,95,84,79,63,60,53,37,33,17
19,5,2023,100,74,76,64,59,50,43,32,18
20,5,2023,102,79,77,63,55,47,44,33,20
21,6,2023,101,89,64,67,55,52,42,32,19
22,6,2023,99,82,64,65,52,47,36,31,17
23,6,2023,96,96,100,72,73,50,42,32,20
24,6,2023,103,106,110,78,75,54,39,27,20
25,7,2023,101,91,97,75,73,53,41,25,20
26,7,2023,103,102,102,81,81,46,43,34,24
27,7,2023,99,96,96,79,79,47,45,28,23
28,7,2023,95,106,110,74,74,49,41,28,23
29,8,2023,96,101,112,73,76,53,38,27,21
30,8,2023,100,104,108,82,81,54,40,29,21
31,8,2023,97,104,98,76,81,45,35,29,23
32,8,2023,103,106,110,81,75,53,39,35,23
33,9,2023,105,99,97,84,82,48,41,34,20
34,9,2023,101,101,112,83,83,50,36,33,23
35,9,2023,96,104,97,70,78,51,41,29,24
36,9,2023,100,107,98,82,79,55,42,34,21
37,10,2023,98,73,95,46,46,54,42,32,16
38,10,2023,104,80,96,43,38,53,44,35,17
39,10,2023,99,84,96,51,46,45,38,33,16
40,10,2023,100,84,86,49,36,48,35,29,17
41,11,2023,97,84,90,50,46,53,44,27,16
42,11,2023,101,87,82,56,40,55,45,25,20
43,11,2023,103,82,95,42,46,45,43,31,17
44,11,2023,99,73,94,47,40,53,45,26,20
45,12,2023,105,79,82,45,36,47,38,27,16
46,12,2023,99,76,88,55,45,48,38,35,20
47,12,2023,104,73,87,42,48,50,42,33,18
48,12,2023,103,108,91,60,45,52,41,30,24
49,13,2023,105,107,80,64,36,51,36,26,21
50,13,2023,99,107,96,65,46,55,38,34,22
51,13,2023,99,106,90,62,46,48,35,25,20
52,13,2023,101,99,80,63,39,53,45,25,21
